title,full_url,img_url
七夕一过就....,http://www.budejie.com/detail-28490566.html,http://mpic.spriteapp.cn/ugc/2018/08/18/5b77b53b667e6.gif
不要指望别人都来“看穿你的逞强、读懂你的内心”,http://www.budejie.com/detail-28490566.html,http://mpic.spriteapp.cn/x/640x400/ugc/2018/08/17/6e005da8a1be11e8acdc842b2b4c75ab_1.jpg
这叫肥水不流外人田啊,http://www.budejie.com/detail-28490566.html,http://mpic.spriteapp.cn/ugc/2018/08/18/5b7787f58a1dc.gif
没看懂啥意思？…？,http://www.budejie.com/detail-28490566.html,http://mpic.spriteapp.cn/ugc/2018/08/17/5b76dacead916_1.jpg
看剧时出现的那些神弹幕，还让不让人好好看剧了????,http://www.budejie.com/detail-28490566.html,http://mpic.spriteapp.cn/x/640x400/ugc/2018/08/16/5b75928b54170_1.jpg
这熊孩子还想给老娘塞回去,http://www.budejie.com/detail-28490566.html,http://mpic.spriteapp.cn/ugc/2018/08/18/9a6b541ea28c11e8bc2c842b2b4c75ab.gif
可以把老的冰格丢掉了~,http://www.budejie.com/detail-28490566.html,http://mpic.spriteapp.cn/ugc/2018/08/16/40cf1360a12d11e8a667842b2b4c75ab.gif
人吃饱了什么事情都干得出来,http://www.budejie.com/detail-28490566.html,http://mpic.spriteapp.cn/x/640x400/ugc/2018/08/18/5b76f41b95464_1.jpg
谁去把旁边的对联揭了，它就能陪你去取经,http://www.budejie.com/detail-28490566.html,http://mpic.spriteapp.cn/ugc/2018/08/18/5b77a6833592d.gif
师傅你这个挡把要吓死乘客吗？,http://www.budejie.com/detail-28490566.html,http://mpic.spriteapp.cn/ugc/2018/08/18/5b7730efd4524.gif
妹子在高尔夫球运动中加入了多种元素，有点门道,http://www.budejie.com/detail-28490566.html,http://mpic.spriteapp.cn/ugc/2018/08/16/afffa854a13611e8bf9f842b2b4c75ab.gif
初墨是个好名字，可惜你姓熊。,http://www.budejie.com/detail-28490566.html,http://mpic.spriteapp.cn/ugc/2018/08/17/5b761763e7869_1.jpg
鸡汤有毒，让你清醒,http://www.budejie.com/detail-28490566.html,http://mpic.spriteapp.cn/x/640x400/ugc/2018/08/18/5b77468f513c2_1.jpg
丧尸：兄弟能尊重下我的工作吗？,http://www.budejie.com/detail-28490566.html,http://mpic.spriteapp.cn/ugc/2018/08/15/5b73b6f4535bb.gif
嗷这些迷人的家伙，太喜欢了这种生活中的小小惊喜,http://www.budejie.com/detail-28490566.html,http://mpic.spriteapp.cn/x/640x400/ugc/2018/08/17/5b76edef75986_1.jpg
孩子，你这不是和自己作对吗，咱换个方向不就好了，哈哈哈,http://www.budejie.com/detail-28490566.html,http://mpic.spriteapp.cn/ugc/2018/08/17/5b769696bd529.gif
各国大学生毕业照，看到最后我醉了。。。,http://www.budejie.com/detail-28490566.html,http://mpic.spriteapp.cn/x/640x400/ugc/2018/08/16/5b75624959366_1.jpg
为什么一下雨就想睡觉，还睡得特别香？科学的解释来了…,http://www.budejie.com/detail-28490566.html,http://mpic.spriteapp.cn/x/640x400/ugc/2018/08/15/5b73d6422625f_1.jpg
我光棍咋了 我招谁惹谁了？,http://www.budejie.com/detail-28490566.html,http://mpic.spriteapp.cn/ugc/2018/08/17/5b76e2a245bfb_1.jpg
有什么可以让人变美的好习惯？,http://www.budejie.com/detail-28490566.html,http://mpic.spriteapp.cn/x/640x400/ugc/2018/08/16/0bccc604a10411e8bf9f842b2b4c75ab_1.jpg
狗子你可真会玩~,http://www.budejie.com/detail-28491585.html,http://mpic.spriteapp.cn/ugc/2018/08/16/5b74f3eed71d0.gif
十种好烫给孩子补充营养长个，妈妈们快收藏吧！,http://www.budejie.com/detail-28491585.html,http://mpic.spriteapp.cn/x/640x400/ugc/2018/08/15/5b74466114ec2_1.jpg
扎心了老铁。,http://www.budejie.com/detail-28491585.html,http://mpic.spriteapp.cn/ugc/2018/08/16/5b759e29e46f0_1.jpg
猫都是拿下巴落地的？,http://www.budejie.com/detail-28491585.html,http://mpic.spriteapp.cn/ugc/2018/08/16/f944ac66a12d11e8aa16842b2b4c75ab_1.jpg
每个部位变美变好看的方法,http://www.budejie.com/detail-28491585.html,http://mpic.spriteapp.cn/x/640x400/ugc/2018/08/16/7bc5fb22a12911e8aa16842b2b4c75ab_1.jpg
昨天晚上回家的路上，我输给了一辆思域，他利用排水沟过弯，只有一个弯，我就再也没看到他尾灯了。  直到今天早上才看到他。差点认不出来了,http://www.budejie.com/detail-28491585.html,http://mpic.spriteapp.cn/x/640x400/ugc/2018/08/16/5b7553d37a210_1.jpg
男生直行而且还走的斑马线，后车司机一直按喇叭不停？男生锁车就走了，这事你怎么看,http://www.budejie.com/detail-28491585.html,http://mpic.spriteapp.cn/ugc/2018/08/15/5b7407a1ec30a.gif
来自加拿大网友养的黑狗Kingsley和黑猫Otis的日常生活,http://www.budejie.com/detail-28491585.html,http://mpic.spriteapp.cn/x/640x400/ugc/2018/08/17/5472f0f2a1e711e89dd6842b2b4c75ab_1.jpg
抽烟的各位姐夫，你们会吐烟圈么？,http://www.budejie.com/detail-28491585.html,http://mpic.spriteapp.cn/ugc/2018/08/16/5b7572fe20d28.gif
从小养到大的老虎会攻击主人吗？,http://www.budejie.com/detail-28491585.html,http://mpic.spriteapp.cn/x/640x400/ugc/2018/08/15/18e82f52a1f111e89dd6842b2b4c75ab_1.jpg
这可是亲妈，亲的啊！爱吃手的习惯只能这样对付你了。,http://www.budejie.com/detail-28491585.html,http://mpic.spriteapp.cn/ugc/2018/08/17/5b763bb1353a6.gif
细思极恐，有什么事，你仅仅是听别人说，就陡然升起一股寒意？,http://www.budejie.com/detail-28491585.html,http://mpic.spriteapp.cn/x/640x400/ugc/2018/08/15/5b74386ce2ba5_1.jpg
我想你了，可是我不能对你说，就像开满梨花的树上，永远不可能结出苹果。我想你了，可是我不能对你说，就像高挂天边的彩虹，永远无人能够触摸。我想你了，可是我不能对你说，就像火车的轨道，永远不会有轮船驶过。我想你了，可我，真的不能对你说，怕只怕，说了，对你，也是一种折磨。,http://www.budejie.com/detail-28491585.html,http://mpic.spriteapp.cn/x/640x400/ugc/2018/08/15/5b737ac3e7652_1.jpg
我是谁，我在哪，我在这里干什么！,http://www.budejie.com/detail-28491585.html,http://mpic.spriteapp.cn/ugc/2018/08/15/5b73d3f9815c6.gif
一组硬核的育儿知识，看完可以说受益匪浅,http://www.budejie.com/detail-28491585.html,http://mpic.spriteapp.cn/x/640x400/ugc/2018/08/16/5b753a3d18d0b_1.jpg
原来麻将还能这样打，今天真是长见识了。,http://www.budejie.com/detail-28491585.html,http://mpic.spriteapp.cn/ugc/2018/08/16/5b745ec1378fe.gif
没毛病，准！,http://www.budejie.com/detail-28491585.html,http://mpic.spriteapp.cn/x/640x400/ugc/2018/08/16/5b75797067974_1.jpg
这应该是一代人的回忆，连九零后几乎都没玩过的玩具。,http://www.budejie.com/detail-28491585.html,http://mpic.spriteapp.cn/ugc/2018/08/16/5b745e3b89c77.gif
九部高分吹泪电影，部部取材真实，震撼人心！,http://www.budejie.com/detail-28491585.html,http://mpic.spriteapp.cn/x/640x400/ugc/2018/08/16/5b757adddc12d_1.jpg
是时候展现真正的技术了！,http://www.budejie.com/detail-28491585.html,http://mpic.spriteapp.cn/ugc/2018/08/16/e50bb746a12b11e89dd6842b2b4c75ab.gif
大家的数学真是越来越好了,http://www.budejie.com/detail-28494344.html,http://mpic.spriteapp.cn/ugc/2018/08/17/2d9cddf4a1f011e891ab842b2b4c75ab_1.jpg
拆了洗衣机后，找到了我多年以来丢失的袜子,http://www.budejie.com/detail-28494344.html,http://mpic.spriteapp.cn/ugc/2018/08/17/5b76aa9d51415_1.jpg
每次开车出门，狗子一定要坐在副驾驶，然后牵着我老公的手…… 话说最后这个眼神太挑衅了吧,http://www.budejie.com/detail-28494344.html,http://mpic.spriteapp.cn/ugc/2018/08/18/5b781fee972c5.gif
说好的浪漫呢，哈哈哈#Gif专区#,http://www.budejie.com/detail-28494344.html,http://mpic.spriteapp.cn/ugc/2018/08/17/5b7615c177ecd.gif
一个人修辞水平的高低决定了他叙述一件事情的时候的搞笑程度,http://www.budejie.com/detail-28494344.html,http://mpic.spriteapp.cn/ugc/2018/08/18/5b7716619f1a0_1.jpg
淘宝上有哪些便宜又好吃的零食？,http://www.budejie.com/detail-28494344.html,http://mpic.spriteapp.cn/x/640x400/ugc/2018/08/18/5f7370a0a2bc11e8b9a2842b2b4c75ab_1.jpg
2018七夕最悲伤的故事，没有之一！,http://www.budejie.com/detail-28494344.html,http://mpic.spriteapp.cn/x/640x400/ugc/2018/08/17/5b76b2ea1aa2c_1.jpg
好像是这么回事，好想哭！,http://www.budejie.com/detail-28494344.html,http://mpic.spriteapp.cn/x/640x400/ugc/2018/08/17/5b76bf6bd643b_1.jpg
这玩具我好想要……,http://www.budejie.com/detail-28494344.html,http://mpic.spriteapp.cn/ugc/2018/08/18/5b776d4e663fb.gif
魔幻现实主义/广东新农村,http://www.budejie.com/detail-28494344.html,http://mpic.spriteapp.cn/x/640x400/ugc/2018/08/17/5b765e834c23a_1.jpg
七夕大家都是来领证结婚的，可是这个窗口......,http://www.budejie.com/detail-28494344.html,http://mpic.spriteapp.cn/ugc/2018/08/17/5b769be83d499.gif
【河北女孩707分考入北大，她说：感谢贫穷】河北18岁女孩王心仪今年高考以707分的成绩被北大中文系录取。录取通知书寄到家时，她正只身在异地打工。她曾在文章中写下“感谢贫穷”，“尽管它狭窄了我的视野，刺伤了我的自尊，甚至间接带走了至亲的生命，但我仍想说，谢谢你，贫穷”,http://www.budejie.com/detail-28494344.html,http://mpic.spriteapp.cn/ugc/2018/08/16/f593db94a12011e8b4ee842b2b4c75ab_1.jpg
和直男聊天是什么感受？感受一下！,http://www.budejie.com/detail-28494344.html,http://mpic.spriteapp.cn/x/640x400/ugc/2018/08/17/5b76250b48b67_1.jpg
今天有好多人都这样,http://www.budejie.com/detail-28494344.html,http://mpic.spriteapp.cn/ugc/2018/08/17/5b7680422daea.gif
原谅身边不和你打招呼的近视眼吧，他们眼中的世界是这样的,http://www.budejie.com/detail-28494344.html,http://mpic.spriteapp.cn/ugc/2018/08/18/b97dd074a29211e8b508842b2b4c75ab_1.jpg
狗狗：我拿你当朋友，你却戏弄我？整只狗感觉都不好了,http://www.budejie.com/detail-28494344.html,http://mpic.spriteapp.cn/ugc/2018/08/16/3ab3a55ca10711e8b3e4842b2b4c75ab.gif
这鸟是吃错药了么！,http://www.budejie.com/detail-28494344.html,http://mpic.spriteapp.cn/ugc/2018/08/17/7dc318eea1c211e8acdc842b2b4c75ab.gif
今天的状态,http://www.budejie.com/detail-28494344.html,http://mpic.spriteapp.cn/ugc/2018/08/17/5b76dbd86af57.gif
总感觉像谁，突然间有点想不起来了,http://www.budejie.com/detail-28494344.html,http://mpic.spriteapp.cn/ugc/2018/08/18/5b773153d1db8.gif
滑水道前是小姐姐，滑水道后就变成小哥哥了，这就尴尬了,http://www.budejie.com/detail-28494344.html,http://mpic.spriteapp.cn/ugc/2018/08/17/5b762e4b8faf0.gif
boredpanda总结了一波关于医生的梗图段子… 搞笑得让人瑟瑟发抖...,http://www.budejie.com/detail-28489389.html,http://mpic.spriteapp.cn/ugc/2018/08/16/7674b160a12211e8b3e4842b2b4c75ab_1.jpg
关键是离西天越来越近。,http://www.budejie.com/detail-28489389.html,http://mpic.spriteapp.cn/x/640x400/ugc/2018/08/16/5b7540f3744eb_1.jpg
我要30个赞，不过分吧。,http://www.budejie.com/detail-28489389.html,http://mpic.spriteapp.cn/x/640x400/ugc/2018/08/16/5b7541ae6f5d9_1.jpg
大家收藏收藏啊,http://www.budejie.com/detail-28489389.html,http://mpic.spriteapp.cn/x/640x400/ugc/2018/08/16/5b750e6b67c84_1.jpg
看来真吃不起茶叶蛋了,http://www.budejie.com/detail-28489389.html,http://mpic.spriteapp.cn/x/640x400/ugc/2018/08/16/5b754869b77ef_1.jpg
论安全帽的重要性！,http://www.budejie.com/detail-28489389.html,http://mpic.spriteapp.cn/ugc/2018/08/16/acfd6f3ca11e11e8b4ee842b2b4c75ab.gif
测试下你们的普通话标准不标准！,http://www.budejie.com/detail-28489389.html,http://mpic.spriteapp.cn/x/640x400/ugc/2018/08/16/5b74e2f3c2d2d_1.jpg
这画面感。。。简直不能太搞笑,http://www.budejie.com/detail-28489389.html,http://mpic.spriteapp.cn/x/640x400/ugc/2018/08/16/70880a08a13211e8a667842b2b4c75ab_1.jpg
这蜕变让人猝不及防,http://www.budejie.com/detail-28489389.html,http://mpic.spriteapp.cn/ugc/2018/08/15/3a94a606a06d11e8aeec842b2b4c75ab_1.jpg
5大唇形，你喜欢哪种？,http://www.budejie.com/detail-28489389.html,http://mpic.spriteapp.cn/x/640x400/ugc/2018/08/14/5b7242e5a18d9_1.jpg
我的天 这技术也太厉害了吧,http://www.budejie.com/detail-28489389.html,http://mpic.spriteapp.cn/ugc/2018/08/15/5f3f70f4a06211e899b5842b2b4c75ab.gif
最烧脑的10道智力题！能答对5道的都是天才~,http://www.budejie.com/detail-28489389.html,http://mpic.spriteapp.cn/x/640x400/ugc/2018/08/16/5b74f2fd3dbfd_1.jpg
第一次买车，姐夫们告诉我该注意什么,http://www.budejie.com/detail-28489389.html,http://mpic.spriteapp.cn/x/640x400/ugc/2018/08/16/5b74ae2dc6bf6_1.jpg
七夕快到了了，就这么过吧,http://www.budejie.com/detail-28489389.html,http://mpic.spriteapp.cn/x/640x400/ugc/2018/08/16/5b749dd4208bb_1.jpg
【诡辩女出轨被抓面对分手时表现出的求生欲】一开始我以为只是一次很普通的关于“女朋友出轨”的倾诉。,http://www.budejie.com/detail-28489389.html,http://mpic.spriteapp.cn/ugc/2018/08/15/bb1d9f06a06f11e89cbf842b2b4c75ab_1.jpg
我渴望这样的生活...,http://www.budejie.com/detail-28489389.html,http://mpic.spriteapp.cn/ugc/2018/08/15/9c998cd6a05911e88d9b842b2b4c75ab_1.jpg
原谅我不厚道的笑了,http://www.budejie.com/detail-28489389.html,http://mpic.spriteapp.cn/ugc/2018/08/15/da999cb2a06111e89ee0842b2b4c75ab.gif
铲屎的，吓到了吗?,http://www.budejie.com/detail-28489389.html,http://mpic.spriteapp.cn/ugc/2018/08/14/5b72786738b47.gif
一场小短腿间的对决！,http://www.budejie.com/detail-28489389.html,http://mpic.spriteapp.cn/ugc/2018/08/15/5b73f44017328.gif
一个快递出问题的解决办法，非常简单实用了 ??#知识分享#,http://www.budejie.com/detail-28489389.html,http://mpic.spriteapp.cn/x/640x400/ugc/2018/08/16/5b74510a137cc_1.jpg
只要友谊还在，小船儿就永远翻不了,http://www.budejie.com/detail-28493193.html,http://mpic.spriteapp.cn/x/640x400/ugc/2018/08/17/4058655ca1ce11e8b4ee842b2b4c75ab_1.jpg
同学：放心吧老师，我们什么都没看见,http://www.budejie.com/detail-28493193.html,http://mpic.spriteapp.cn/ugc/2018/08/16/5b754a0c97f3d.gif
拥有相同的三观的爱情是怎么样的？,http://www.budejie.com/detail-28493193.html,http://mpic.spriteapp.cn/x/640x400/ugc/2018/08/16/779c9126a13511e8acdc842b2b4c75ab_1.jpg
第一次知道兔子会游泳,http://www.budejie.com/detail-28493193.html,http://mpic.spriteapp.cn/ugc/2018/08/16/121586e2a10711e8b3e4842b2b4c75ab.gif
讲道理这样吃椰子是没有灵魂的。,http://www.budejie.com/detail-28493193.html,http://mpic.spriteapp.cn/ugc/2018/08/15/5b7304f9770ba.gif
老牛我今天就干翻你们！,http://www.budejie.com/detail-28493193.html,http://mpic.spriteapp.cn/ugc/2018/08/16/2c32ced8a11411e8b4ee842b2b4c75ab.gif
耳屎究竟需不需要掏？很多人都做错了！,http://www.budejie.com/detail-28493193.html,http://mpic.spriteapp.cn/x/640x400/ugc/2018/08/16/5b751c821c4f6_1.jpg
有人问七夕情人节怎么过？可用表情包这样答复他！,http://www.budejie.com/detail-28493193.html,http://mpic.spriteapp.cn/x/640x400/ugc/2018/08/16/5b74c28682862_1.jpg
七夕，这些照片传疯了，看完泪奔,http://www.budejie.com/detail-28493193.html,http://mpic.spriteapp.cn/x/640x400/ugc/2018/08/16/5b74fe495983f_1.jpg
"#原创作品# 《南歌子～七夕》

七夕年年至，离人岁岁愁。

人间天上又添秋，

几许相思总在梦中留。


遥叹牛郎苦，难分织女忧。

水晶帘外月如钩，

把盏今宵醉听鹊声悠。",http://www.budejie.com/detail-28493193.html,http://mpic.spriteapp.cn/x/640x400/ugc/2018/08/16/5b757315dc7f4_1.jpg
前面的慢点跑！我在拉翔！,http://www.budejie.com/detail-28493193.html,http://mpic.spriteapp.cn/ugc/2018/08/15/5b741a5e34e04.gif
没有对比就没有伤害??,http://www.budejie.com/detail-28493193.html,http://mpic.spriteapp.cn/x/640x400/ugc/2018/08/16/5b754e83c9d78_1.jpg
"今日话题:
在你心中最美味的食物是什么？",http://www.budejie.com/detail-28493193.html,http://mpic.spriteapp.cn/ugc/2018/08/15/5b74320f65e59.gif
本姐姐要嫁人了，经过百思长期的素质培养，我还是很有信心当一个三观端正的好媳妇滴~  ??????,http://www.budejie.com/detail-28493193.html,http://mpic.spriteapp.cn/x/640x400/ugc/2018/08/16/5b758cf8409e4_1.jpg
按照这个逻辑分析下去 我可能过于优秀了,http://www.budejie.com/detail-28493193.html,http://mpic.spriteapp.cn/x/640x400/ugc/2018/08/16/1964cb36a11d11e8b3e4842b2b4c75ab_1.jpg
一个单身狗七夕节疯狂挣扎,http://www.budejie.com/detail-28493193.html,http://mpic.spriteapp.cn/ugc/2018/08/17/5b764c0847917.gif
各位有女友的，七夕好自为之，我只能帮你们到这了,http://www.budejie.com/detail-28493193.html,http://mpic.spriteapp.cn/ugc/2018/08/17/5f44c318a1ea11e8acdc842b2b4c75ab_1.jpg
为什么现在越来越多的男人不想结婚了?,http://www.budejie.com/detail-28493193.html,http://mpic.spriteapp.cn/x/640x400/ugc/2018/08/15/5b7405fb88f06_1.jpg
都是千年的狐狸，跟谁在这玩聊斋.,http://www.budejie.com/detail-28493193.html,http://mpic.spriteapp.cn/ugc/2018/08/16/5b754f7c66a81_1.jpg
一个提醒： 找对象一定要找个空调度数合得来的??,http://www.budejie.com/detail-28493193.html,http://mpic.spriteapp.cn/x/640x400/ugc/2018/08/16/5b7592f327d32_1.jpg
妹子这舞还是别跳了，考虑一下后面小哥的感受吧,http://www.budejie.com/detail-28486647.html,http://mpic.spriteapp.cn/ugc/2018/08/14/5b72ae69322b6.gif
我们都被黄渤骗了！《一出好戏》细思极恐...,http://www.budejie.com/detail-28486647.html,http://mpic.spriteapp.cn/ugc/2018/08/15/5b740f3f5050e_1.jpg
所以'……礼物没到是被扣了呗！,http://www.budejie.com/detail-28486647.html,http://mpic.spriteapp.cn/x/640x400/ugc/2018/08/14/5b724f081da48_1.jpg
你看你的赘肉，还好意思吃！,http://www.budejie.com/detail-28486647.html,http://mpic.spriteapp.cn/ugc/2018/08/16/eb0c470aa11211e8bf40842b2b4c75ab.gif
传说中的九大神兽，真魔性,http://www.budejie.com/detail-28486647.html,http://mpic.spriteapp.cn/x/640x400/ugc/2018/08/15/5b7446a6703dc_1.jpg
意不意外？惊不惊喜？刺不刺激？好不好玩？,http://www.budejie.com/detail-28486647.html,http://mpic.spriteapp.cn/ugc/2018/08/14/5b72fa1436396.gif
如果你有一个还不够成熟的男票，那这恋爱谈得应该很心酸吧,http://www.budejie.com/detail-28486647.html,http://mpic.spriteapp.cn/x/640x400/ugc/2018/08/15/0e8cc022a06b11e88d9b842b2b4c75ab_1.jpg
这鸡是不是火龙果和西瓜吃多了,http://www.budejie.com/detail-28486647.html,http://mpic.spriteapp.cn/ugc/2018/08/15/5b73ead1df0fc.gif
如何一张图证明自己很富有??,http://www.budejie.com/detail-28486647.html,http://mpic.spriteapp.cn/x/640x400/ugc/2018/08/14/5b7225fc0ab21_1.jpg
想顶我？我跳，，，，唉，唉，唉……,http://www.budejie.com/detail-28486647.html,http://mpic.spriteapp.cn/ugc/2018/08/15/5b742ae037017.gif
20岁vs30岁，10年能对一个人造成多大影响...,http://www.budejie.com/detail-28486647.html,http://mpic.spriteapp.cn/ugc/2018/08/16/ca193cf4a11411e891ab842b2b4c75ab_1.jpg
一场世纪大战正在打开,http://www.budejie.com/detail-28486647.html,http://mpic.spriteapp.cn/ugc/2018/08/14/b450c91e9f9d11e8aeec842b2b4c75ab.gif
贫穷时遇上心爱的人，谢谢你没放弃 ?,http://www.budejie.com/detail-28486647.html,http://mpic.spriteapp.cn/x/640x400/ugc/2018/08/15/15e9896ea06a11e89cbf842b2b4c75ab_1.jpg
一招激起千层浪,http://www.budejie.com/detail-28486647.html,http://mpic.spriteapp.cn/ugc/2018/08/15/3e0f337aa06b11e8b9dc842b2b4c75ab.gif
得亏手里拿的是手机不是刀啊，不然死定了,http://www.budejie.com/detail-28486647.html,http://mpic.spriteapp.cn/ugc/2018/08/16/5b74cc2f5df78.gif
不怕奔驰和路虎，就怕大众带字母,http://www.budejie.com/detail-28486647.html,http://mpic.spriteapp.cn/ugc/2018/08/15/5b737a724ec2d.gif
你的七夕怎么过？,http://www.budejie.com/detail-28486647.html,http://mpic.spriteapp.cn/x/640x400/ugc/2018/08/14/5b7272854c766_1.jpg
书法中的笔法用到了抹油上，说明了书法的影响之广超乎想象！,http://www.budejie.com/detail-28486647.html,http://mpic.spriteapp.cn/ugc/2018/08/14/5b72a58c70a14.gif
你们姓氏里，最出名的人是谁？________________。,http://www.budejie.com/detail-28486647.html,http://mpic.spriteapp.cn/ugc/2018/08/15/5b73d9ba906e4_1.jpg
什么方法能够有效降低体脂？这位大神以超严谨的科学角度给你介绍一番,http://www.budejie.com/detail-28486647.html,http://mpic.spriteapp.cn/x/640x400/ugc/2018/08/15/a599c660a03c11e89cbf842b2b4c75ab_1.jpg
好兄弟，在哪里？,http://www.budejie.com/detail-28483009.html,http://mpic.spriteapp.cn/ugc/2018/08/14/5b72ecdce1ea3_1.jpg
求二哈心理阴影面积??????,http://www.budejie.com/detail-28483009.html,http://mpic.spriteapp.cn/ugc/2018/08/13/5b705f7194487_1.jpg
2018新婚姻观曝光：“妈，我决定不结婚了” ????,http://www.budejie.com/detail-28483009.html,http://mpic.spriteapp.cn/ugc/2018/08/15/ff361590a02b11e89ee0842b2b4c75ab_1.jpg
谁说四川的猫都能吃辣来着？？,http://www.budejie.com/detail-28483009.html,http://mpic.spriteapp.cn/x/640x400/ugc/2018/08/13/c151949e9ed611e8b129842b2b4c75ab_1.jpg
请教一下高手,http://www.budejie.com/detail-28483009.html,http://mpic.spriteapp.cn/x/640x400/ugc/2018/08/15/5b73aaecef86b_1.jpg
中国不同省市的标语。。。精辟！,http://www.budejie.com/detail-28483009.html,http://mpic.spriteapp.cn/x/640x400/ugc/2018/08/13/5b70e5b87e2ee_1.jpg
拯救中分秃头女纸的技巧,http://www.budejie.com/detail-28483009.html,http://mpic.spriteapp.cn/ugc/2018/08/13/5b71874fb3191.gif
给我个面子、??,http://www.budejie.com/detail-28483009.html,http://mpic.spriteapp.cn/ugc/2018/08/15/5b73147888e3b.gif
陪二哈出来散步一定要小心，还好反应及时,http://www.budejie.com/detail-28483009.html,http://mpic.spriteapp.cn/ugc/2018/08/14/8e4b59509f9311e88505842b2b4c75ab.gif
被知乎票选为“为了吃都值得去的城市”top1……你来了解下……,http://www.budejie.com/detail-28483009.html,http://mpic.spriteapp.cn/x/640x400/ugc/2018/08/13/5b7152412b45e_1.jpg
就你小样也想打赢我？,http://www.budejie.com/detail-28483009.html,http://mpic.spriteapp.cn/ugc/2018/08/14/2a0a3c8a9f8f11e88505842b2b4c75ab.gif
女生想分手程度时间表。是这样的！,http://www.budejie.com/detail-28483009.html,http://mpic.spriteapp.cn/ugc/2018/08/14/5b72e0a3bb219_1.jpg
女朋友每次都这样削苹果给我吃，我到底是吃呢还是不吃呢？,http://www.budejie.com/detail-28483009.html,http://mpic.spriteapp.cn/ugc/2018/08/14/5b725e64320ec.gif
别人养的狗vs你养的狗，哈哈哈#搞笑图片#,http://www.budejie.com/detail-28483009.html,http://mpic.spriteapp.cn/ugc/2018/08/15/5b735caf67ba7_1.jpg
每家都有个相亲相爱的群????,http://www.budejie.com/detail-28483009.html,http://mpic.spriteapp.cn/x/640x400/ugc/2018/08/13/5b711b2eec7ea_1.jpg
橘喵：告诉你这片地方是谁说了算！论体重的重要性~,http://www.budejie.com/detail-28483009.html,http://mpic.spriteapp.cn/ugc/2018/08/13/5b70d8215bc81.gif
很多人压力大到接近崩溃时会忍不住做的一些举止，你也会这样子吗？,http://www.budejie.com/detail-28483009.html,http://mpic.spriteapp.cn/ugc/2018/08/14/da00a59c9fa911e8aeec842b2b4c75ab_1.jpg
曝光这个渣男,http://www.budejie.com/detail-28483009.html,http://mpic.spriteapp.cn/x/640x400/ugc/2018/08/14/5b7218a81d866_1.jpg
像极了我的高中班主任,http://www.budejie.com/detail-28483009.html,http://mpic.spriteapp.cn/ugc/2018/08/15/5b7300961a141.gif
治愈系漫画《雷》好暖啊,http://www.budejie.com/detail-28483009.html,http://mpic.spriteapp.cn/x/640x400/ugc/2018/08/14/a8e6c6fe9f8f11e89828842b2b4c75ab_1.jpg
就怕空气突然安静。,http://www.budejie.com/detail-28482370.html,http://mpic.spriteapp.cn/ugc/2018/08/15/5b7301a35e22f.gif
开局一张图，内容全靠编！,http://www.budejie.com/detail-28482370.html,http://mpic.spriteapp.cn/ugc/2018/08/15/5b74350cb988f_1.jpg
崩溃的铲屎官，隔着屏幕都能闻到熏天的味道…… ????,http://www.budejie.com/detail-28482370.html,http://mpic.spriteapp.cn/ugc/2018/08/15/5b73d9bc4d813.gif
一秒让老婆多云转晴的方法,http://www.budejie.com/detail-28482370.html,http://mpic.spriteapp.cn/ugc/2018/08/15/5b741dcf93335.gif
炮：这人怕不是个傻子吧,http://www.budejie.com/detail-28482370.html,http://mpic.spriteapp.cn/ugc/2018/08/15/5b742f2725a05.gif
这样的主子你不来一只么？,http://www.budejie.com/detail-28482370.html,http://mpic.spriteapp.cn/x/640x400/ugc/2018/08/15/1791b258a05811e89828842b2b4c75ab_1.jpg
七夕送礼清单？不，是你的求生指南,http://www.budejie.com/detail-28482370.html,http://mpic.spriteapp.cn/x/640x400/ugc/2018/08/15/5b737fd2b3fe5_1.jpg
哈哈哈哈鳄鱼先生的日常好心疼??,http://www.budejie.com/detail-28482370.html,http://mpic.spriteapp.cn/ugc/2018/08/15/6040eaaca10511e8b4ee842b2b4c75ab_1.jpg
请记住这五种人，请深交一辈子,http://www.budejie.com/detail-28482370.html,http://mpic.spriteapp.cn/x/640x400/ugc/2018/08/15/5b73fd4190cb0_1.jpg
你，你想干嘛,http://www.budejie.com/detail-28482370.html,http://mpic.spriteapp.cn/ugc/2018/08/15/05e65a54a06c11e8aeec842b2b4c75ab.gif
尴尬中的尴尬...,http://www.budejie.com/detail-28482370.html,http://mpic.spriteapp.cn/ugc/2018/08/15/1a9d0bdca06211e88505842b2b4c75ab.gif
自从有了它，再也不用去理发店了,http://www.budejie.com/detail-28482370.html,http://mpic.spriteapp.cn/ugc/2018/08/15/5b73ea9edb266.gif
这本书可以让你少奋斗十年,http://www.budejie.com/detail-28482370.html,http://mpic.spriteapp.cn/x/640x400/ugc/2018/08/14/5b7227d195b71_1.jpg
一组特别可爱又很蠢萌的小漫画,http://www.budejie.com/detail-28482370.html,http://mpic.spriteapp.cn/ugc/2018/08/14/f551de1a9f9a11e8b9dc842b2b4c75ab_1.jpg
还有治疗的机会吗？,http://www.budejie.com/detail-28482370.html,http://mpic.spriteapp.cn/ugc/2018/08/14/5b71e3ff88f3f_1.jpg
岛国人脑洞也太大了吧！看完这些发明感觉裆部一凉……,http://www.budejie.com/detail-28482370.html,http://mpic.spriteapp.cn/x/640x400/ugc/2018/08/14/5b725a7399aed_1.jpg
这是葫芦娃铁杆粉丝团吗,http://www.budejie.com/detail-28482370.html,http://mpic.spriteapp.cn/ugc/2018/08/15/0cffe6fea06a11e8ad7e842b2b4c75ab.gif
一个收到礼物却不是很开心的父亲，哈哈哈哈,http://www.budejie.com/detail-28482370.html,http://mpic.spriteapp.cn/ugc/2018/08/14/5b72a7b573c10_1.jpg
味道如何(???)?,http://www.budejie.com/detail-28482370.html,http://mpic.spriteapp.cn/ugc/2018/08/15/5b740f1310e81.gif
有些人  一不小心就活成了传奇,http://www.budejie.com/detail-28482370.html,http://mpic.spriteapp.cn/ugc/2018/08/14/5b71e2a486c52_1.jpg
兄弟，来中国学习真是难为你了。。。,http://www.budejie.com/detail-28451425.html,http://mpic.spriteapp.cn/ugc/2018/08/10/0924528e9c7f11e89dc2842b2b4c75ab_1.jpg
如果我变成鬼之后,http://www.budejie.com/detail-28451425.html,http://mpic.spriteapp.cn/x/640x400/ugc/2018/08/11/5b6e331daaf90_1.jpg
时光如梭！幸福美满~！,http://www.budejie.com/detail-28451425.html,http://mpic.spriteapp.cn/x/640x400/ugc/2018/08/11/5b6e468a797cb_1.jpg
带着绝症女友穿越半个中国，爱是陪你到生命尽头！ ????,http://www.budejie.com/detail-28451425.html,http://mpic.spriteapp.cn/x/640x400/ugc/2018/08/10/5b6cfde147ee1_1.jpg
每月当你拿到薪水时，会有什么反应呢,http://www.budejie.com/detail-28451425.html,http://mpic.spriteapp.cn/ugc/2018/08/09/5b6c19648d9ff.gif
一位站在地铁通风口的大叔……感觉他应该很凉快…… ????,http://www.budejie.com/detail-28451425.html,http://mpic.spriteapp.cn/ugc/2018/08/09/5b6c2f2304cef_1.jpg
家里的猫太胖了，打算养一只瘦的激励它减肥！！见效太快了,http://www.budejie.com/detail-28451425.html,http://mpic.spriteapp.cn/x/640x400/ugc/2018/08/09/5b6beba276913_1.jpg
可能是心凉了，他说出了广大男同胞的心声，虽然匿名了……,http://www.budejie.com/detail-28451425.html,http://mpic.spriteapp.cn/ugc/2018/08/08/1d177b609d4a11e88625842b2b4c75ab_1.jpg
孩子，你可真是个人才！,http://www.budejie.com/detail-28451425.html,http://mpic.spriteapp.cn/x/640x400/ugc/2018/08/09/5b6c309313275_1.jpg
得 这次谁也不用嘲笑谁了,http://www.budejie.com/detail-28451425.html,http://mpic.spriteapp.cn/ugc/2018/08/10/bc6ffff69c5111e88539842b2b4c75ab.gif
糟了，就学了飞行，忘记学降落,http://www.budejie.com/detail-28451425.html,http://mpic.spriteapp.cn/ugc/2018/08/10/5b6d930d5391e.gif
当你见到喜欢的人~,http://www.budejie.com/detail-28451425.html,http://mpic.spriteapp.cn/ugc/2018/08/09/5b6c07569cb56.gif
不用去验 血，就能知道自己缺 啥！这张表一定要收好~,http://www.budejie.com/detail-28451425.html,http://mpic.spriteapp.cn/x/640x400/ugc/2018/08/10/5b6d826cdd200_1.jpg
看懂这幅图的年纪都不小了吧？你今年几岁呢？,http://www.budejie.com/detail-28451425.html,http://mpic.spriteapp.cn/x/640x400/ugc/2018/08/08/5b6b0fd3ee321_1.jpg
一觉醒来会收到一个好消息 ????，你希望是什么？,http://www.budejie.com/detail-28451425.html,http://mpic.spriteapp.cn/ugc/2018/08/09/5b6c5b85a0f17.gif
为了考个驾照，都晒黑了！,http://www.budejie.com/detail-28451425.html,http://mpic.spriteapp.cn/ugc/2018/07/15/5b4a27fb42961.gif
早上起来洗脸，水管里出来的都是可乐，我是不是要发财了？,http://www.budejie.com/detail-28451425.html,http://mpic.spriteapp.cn/ugc/2018/08/08/5b6b115fdd388.gif
“吃什么会胖哪里系列”。。你们懂的~ ???,http://www.budejie.com/detail-28451425.html,http://mpic.spriteapp.cn/x/640x400/ugc/2018/07/06/5b3f0c1c9a789_1.jpg
男子吃一块隔夜冰西瓜竟致小肠坏死！很多人还在这样吃,http://www.budejie.com/detail-28451425.html,http://mpic.spriteapp.cn/x/640x400/ugc/2018/08/06/5b683c1998766_1.jpg
实名曝光8个渣男，大家千万小心！！,http://www.budejie.com/detail-28451425.html,http://mpic.spriteapp.cn/x/640x400/ugc/2018/08/07/5b698c67d60ff_1.jpg
这个世界上有两种女人~,http://www.budejie.com/detail-28460696.html,http://mpic.spriteapp.cn/ugc/2018/08/14/5b725903216a7.gif
新旧词汇对比表，了解一下，你到了哪个阶段？,http://www.budejie.com/detail-28460696.html,http://mpic.spriteapp.cn/x/640x400/ugc/2018/08/14/5b7287d00cc49_1.jpg
「第三代身份证即将来袭」这一变动堪称亲子鉴定！,http://www.budejie.com/detail-28460696.html,http://mpic.spriteapp.cn/x/640x400/ugc/2018/08/13/5b70f5e23e082_1.jpg
亲爹与亲妈带娃的区别，可以说是亲生的了！,http://www.budejie.com/detail-28460696.html,http://mpic.spriteapp.cn/x/640x400/ugc/2018/08/13/5b70633fbc00b_1.jpg
有哪些因为书名太骚特别容易错过的佳作？,http://www.budejie.com/detail-28460696.html,http://mpic.spriteapp.cn/ugc/2018/08/14/c1b8351a9f8911e8aeec842b2b4c75ab_1.jpg
好像还真的是这样的,http://www.budejie.com/detail-28460696.html,http://mpic.spriteapp.cn/x/640x400/ugc/2018/08/13/2ebfd1089e9b11e8931e842b2b4c75ab_1.jpg
这是我听过最悲伤的情话 ????,http://www.budejie.com/detail-28460696.html,http://mpic.spriteapp.cn/x/640x400/ugc/2018/08/14/1a7d70fc9f9e11e89cbf842b2b4c75ab_1.jpg
智障年年有，智障何其多,http://www.budejie.com/detail-28460696.html,http://mpic.spriteapp.cn/ugc/2018/08/12/5b7018f1d2d3f.gif
打敌人都是人体描边枪法，打队友却是枪枪爆头。,http://www.budejie.com/detail-28460696.html,http://mpic.spriteapp.cn/ugc/2018/08/13/5065b43e9eba11e898a4842b2b4c75ab.gif
今天网上很火的一个问题：下面9种单人房，你最想住哪间？？,http://www.budejie.com/detail-28460696.html,http://mpic.spriteapp.cn/x/640x400/ugc/2018/08/13/5b71306e11656_1.jpg
可口可乐瓶装进化史 ???~,http://www.budejie.com/detail-28460696.html,http://mpic.spriteapp.cn/x/640x400/ugc/2018/08/13/5b718d1a8e1ca_1.jpg
五菱宏光见过  法拉利也见过，这种合体的还是第一次，这该叫什么车呢?,http://www.budejie.com/detail-28460696.html,http://mpic.spriteapp.cn/ugc/2018/08/10/5b6d582e4ed8f.gif
这就是婚纱照航拍的效果，亮瞎了我的双眼！,http://www.budejie.com/detail-28460696.html,http://mpic.spriteapp.cn/ugc/2018/08/10/5b6c8d6bde603.gif
辣眼睛！这些喵都他喵的是什么鬼？,http://www.budejie.com/detail-28460696.html,http://mpic.spriteapp.cn/x/640x400/ugc/2018/08/14/5b72223f9293e_1.jpg
郭德纲相声最好笑10个包袱，第1条乐得我捶地！最后1条笑中带泪,http://www.budejie.com/detail-28460696.html,http://mpic.spriteapp.cn/x/640x400/ugc/2018/07/31/5b6085fa0e7b3_1.jpg
刚开始学蛙泳的你，是不是也这样子,http://www.budejie.com/detail-28460696.html,http://mpic.spriteapp.cn/ugc/2018/08/13/5b71863feaca0.gif
同样是鱼，为何你如此突出，这是经历了什么啊,http://www.budejie.com/detail-28460696.html,http://mpic.spriteapp.cn/ugc/2018/08/12/5b70081df40cc.gif
大家好，我三岁看相对论，六岁就开始做生意，我是成熟三郎,http://www.budejie.com/detail-28460696.html,http://mpic.spriteapp.cn/ugc/2018/08/08/5b6a71e21734b_1.jpg
快说，每天早上你没睡醒的样子，是不是酱紫,http://www.budejie.com/detail-28460696.html,http://mpic.spriteapp.cn/ugc/2018/07/29/5b5ca8ff322d3.gif
生死就在那个转折点，厉害了,http://www.budejie.com/detail-28460696.html,http://mpic.spriteapp.cn/x/640x400/ugc/2018/08/09/5b6be1403d9b2_1.jpg
